{
    "metrics": {
        "http_req_sending": {
            "p(95)": 0,
            "avg": 0.03710776670997544,
            "min": 0,
            "med": 0,
            "max": 1.594,
            "p(90)": 0
        },
        "http_req_receiving": {
            "avg": 0.10795983831384438,
            "min": 0,
            "med": 0,
            "max": 1.5995,
            "p(90)": 0,
            "p(95)": 1.51307
        },
        "http_reqs": {
            "count": 6927,
            "rate": 38.47367293604729
        },
        "data_sent": {
            "count": 3427949,
            "rate": 19039.38049190853
        },
        "iterations": {
            "rate": 38.46811877509219,
            "count": 6926
        },
        "http_req_blocked": {
            "med": 0,
            "max": 9.2101,
            "p(90)": 0,
            "p(95)": 0,
            "avg": 0.011714248592464272,
            "min": 0
        },
        "http_req_duration{expected_response:true}": {
            "avg": 1088.8447977331764,
            "min": 0.519,
            "med": 1222.232,
            "max": 2359.593,
            "p(90)": 2114.8329999999996,
            "p(95)": 2258.7014
        },
        "vus_max": {
            "value": 50,
            "min": 50,
            "max": 50
        },
        "iteration_duration": {
            "min": 0,
            "med": 1222.1657500000001,
            "max": 2359.593,
            "p(90)": 2115.07087,
            "p(95)": 2259.571305,
            "avg": 1088.9390596708986
        },
        "http_req_connecting": {
            "p(95)": 0,
            "avg": 0.0061492998412010945,
            "min": 0,
            "med": 0,
            "max": 1.5314,
            "p(90)": 0
        },
        "http_req_duration": {
            "avg": 1088.687761152011,
            "min": 0.519,
            "med": 1222.1186,
            "max": 2359.593,
            "p(90)": 2114.7893200000003,
            "p(95)": 2258.6808,
            "thresholds": {
                "p(95)<500": true
            }
        },
        "http_req_waiting": {
            "avg": 1088.5426935469886,
            "min": 0.5187,
            "med": 1222.0491,
            "max": 2359.3089,
            "p(90)": 2114.7893200000003,
            "p(95)": 2258.24312
        },
        "data_received": {
            "count": 3373232,
            "rate": 18735.473466927775
        },
        "checks": {
            "passes": 20778,
            "fails": 1,
            "value": 0.9999518744886664
        },
        "http_req_failed": {
            "passes": 1,
            "fails": 6926,
            "thresholds": {
                "rate<0.01": false
            },
            "value": 0.00014436263894903998
        },
        "vus": {
            "value": 1,
            "min": 1,
            "max": 50
        },
        "http_req_tls_handshaking": {
            "min": 0,
            "med": 0,
            "max": 0,
            "p(90)": 0,
            "p(95)": 0,
            "avg": 0
        }
    },
    "setup_data": {
        "startTime": 1776362541363
    },
    "root_group": {
        "groups": {
            "setup": {
                "name": "setup",
                "path": "::setup",
                "id": "5c0f8025f7e0b6654089e5b00e950f1a",
                "groups": {},
                "checks": {
                        "reset successful": {
                            "passes": 0,
                            "fails": 1,
                            "name": "reset successful",
                            "path": "::setup::reset successful",
                            "id": "393a573d6a6df98a21e8afdaeb2e53ba"
                        }
                    }
            },
            "teardown": {
                "groups": {},
                "checks": {},
                "name": "teardown",
                "path": "::teardown",
                "id": "a8a9942382e8ffe2e56ef29e664b8229"
            }
        },
        "checks": {
            "status is 200": {
                "fails": 0,
                "name": "status is 200",
                "path": "::status is 200",
                "id": "6210a8cd14cd70477eba5c5e4cb3fb5f",
                "passes": 6926
            },
            "response has received field": {
                "id": "82d092c12bf6dffaa6aae48420ed7f69",
                "passes": 6926,
                "fails": 0,
                "name": "response has received field",
                "path": "::response has received field"
            },
            "response has event_id": {
                "id": "9438f3e86922502a2d73d02d42edfa91",
                "passes": 6926,
                "fails": 0,
                "name": "response has event_id",
                "path": "::response has event_id"
            }
        },
        "name": "",
        "path": "",
        "id": "d41d8cd98f00b204e9800998ecf8427e"
    }
}